{
  "SOFT": {
    "a": 0.0,
    "b": 0.5,
    "c": 1.67527
  },
  "MEDIUM": {
    "a": 3e-05,
    "b": 3.0,
    "c": 0.85756
  },
  "HARD": {
    "a": 2e-05,
    "b": 3.0,
    "c": 0.76936
  },
  "INTERMEDIATE": {
    "a": 0.60311,
    "b": 0.5,
    "c": 5.0
  },
  "WET": {
    "a": 0.03,
    "b": 1.0,
    "c": 0.0
  }
}